name_h,name_e,theguardian_pr,fifa_ranking,reddit1_pr,reddit2_pr,my_pr,bets_odds,form_last6
צרפת,France ,1,2,1,1,2,4.68,WWWDWW
אנגליה,England ,4,3,8,9,1,5.03,WWWWWL
בלגיה,Belgium ,3,1,2,6,5,6.20,WDWWWW
ספרד,Spain ,10,5,5,3,7,7.87,WWDWDD
גרמניה,Germany ,2,8,9,4,3,7.93,DLWWLW
פורטוגל,Portugal ,6,4,3,2,10,8.59,WDWWLW
איטליה,Italy ,7,6,4,5,4,10.37,WWWWWW
הולנד,Netherlands ,16,11,6,7,6,12.26,DWWLWW
דנמרק,Denmark ,8,7,7,10,8,27.05,DWWWLW
קרואטיה,Croatia ,18,10,13,8,11,34.27,DWWLLL
טורקיה,Turkey ,5,17,10,11,9,52.27,DWDWWL
שווייץ,Switzerland ,11,9,11,12,12,73.68,WWWWDL
פולין,Poland ,13,14,14,15,14,79.91,DLWDLL
אוקראינה,Ukraine ,20,16,15,20,15,86.18,DDDLLW
שבדיה,Sweden ,12,13,12,13,16,90.00,WWWWLW
אוסטריה,Austria ,14,15,18,14,17,111.55,LLWDDW
רוסיה,Russia ,17,20,20,16,19,115.23,DLWWLL
צ`כיה,Czech Republic,9,21,17,19,13,134.18,LDWWWL
וויילס,Wales ,15,12,16,18,18,160.05,LWWLWW
סקוטלנד,Scotland ,21,22,22,23,20,238.64,DWDDLL
סלובקיה,Slovakia ,24,18,24,21,22,352.59,DWDDLW
פינלנד,Finland,22,23,21,22,21,407.14,LLDDLW
הונגריה,Hungary ,19,19,19,17,23,430.09,WWDWDW
צפון מקדוניה,North Macedonia,23,24,23,24,24,493.37,DWWLLW